Title_ID,Title,Subtitle,ISBN,Author,Narrator,PartNo,MediaType
54006,The Big Snow,,9780788729553,Berta Hader,John McDonough,95730,Cassette
54006,The Big Snow,,9780788729850,Berta Hader,John McDonough,40867,Cassette
54006,The Big Snow,,9780788730153,Berta Hader,John McDonough,46832,Cassette
54006,The Big Snow,,9780788758386,Berta Hader,John McDonough,43342,Text
54006,The Big Snow,,9780788786143,Berta Hader,John McDonough,,Cassette
54006,The Big Snow,,9781419301025,Berta Hader,John McDonough,,CD
54006,The Big Snow,,9781419301032,Berta Hader,John McDonough,,CD
54006,The Big Snow,,9781419301049,Berta Hader,John McDonough,,CD
54006,The Big Snow,,9781419301056,Berta Hader,John McDonough,,CD
54006,The Big Snow,,9781436122009,Berta Hader,John McDonough,52599,Playaway
54006,The Big Snow,,9781436122580,Berta Hader,John McDonough,,Playaway
54006,The Big Snow,,9781436188128,Berta Hader,John McDonough,,eAudio
54006,The Big Snow,,9781490669168,Berta Hader,John McDonough,,eAudio
